amp,mu_0,mu_1,mu_2,mu_3,Sigma_0_0,Sigma_0_1,Sigma_0_2,Sigma_0_3,Sigma_1_0,Sigma_1_1,Sigma_1_2,Sigma_1_3,Sigma_2_0,Sigma_2_1,Sigma_2_2,Sigma_2_3,Sigma_3_0,Sigma_3_1,Sigma_3_2,Sigma_3_3
3.404016420245170593e-02,1.697484374046325684e+00,1.105542063713073730e+00,4.542302246093750000e+02,4.131856994628906250e+02,1.834672293625771999e-03,-1.082579605281352997e-03,-9.585725069046020508e-01,-8.762247562408447266e-01,-1.082579605281352997e-03,6.425551837310194969e-04,7.072621583938598633e-01,4.748738110065460205e-01,-9.585725069046020508e-01,7.072621583938598633e-01,4.547826953125000000e+04,-5.179024902343750000e+03,-8.762247562408447266e-01,4.748738110065460205e-01,-5.179024902343750000e+03,6.390853125000000000e+04
5.341580510139465332e-02,1.517695188522338867e+00,1.229550838470458984e+00,1.612219848632812500e+02,3.379486389160156250e+02,1.651928760111331940e-03,-1.263919286429882050e-03,-3.795380294322967529e-01,-4.550179839134216309e-01,-1.263919286429882050e-03,9.767730953171849251e-04,3.511525988578796387e-01,1.493389457464218140e-01,-3.795380294322967529e-01,3.511525988578796387e-01,6.071373535156250000e+03,-6.747329589843750000e+03,-4.550179839134216309e-01,1.493389457464218140e-01,-6.747329589843750000e+03,2.931071875000000000e+04
3.326431615278124809e-04,1.481366991996765137e+00,1.265585780143737793e+00,1.641002929687500000e+03,2.608965454101562500e+02,1.280138618312776089e-03,-1.159721869044005871e-03,9.338244438171386719e+00,1.010076403617858887e+00,-1.159721869044005871e-03,1.056200475431978703e-03,-8.573607444763183594e+00,-9.934065937995910645e-01,9.338244438171386719e+00,-8.573607444763183594e+00,7.097203906250000000e+04,7.960958984375000000e+03,1.010076403617858887e+00,-9.934065937995910645e-01,7.960958984375000000e+03,4.911073730468750000e+03
2.441423013806343079e-03,1.662742137908935547e+00,1.132513523101806641e+00,4.135898132324218750e+02,3.605029541015625000e+03,1.259846240282058716e-02,-7.756121456623077393e-03,1.734409451484680176e+00,1.906550407409667969e+01,-7.756121456623077393e-03,4.825658164918422699e-03,-1.254601716995239258e+00,-1.061110401153564453e+01,1.734409451484680176e+00,-1.254601716995239258e+00,2.496523242187500000e+04,-2.977801953125000000e+04,1.906550407409667969e+01,-1.061110401153564453e+01,-2.977801953125000000e+04,4.408073437500000000e+05
4.924933612346649170e-02,1.806687593460083008e+00,1.044911503791809082e+00,8.182629394531250000e+01,3.726224060058593750e+02,1.277438248507678509e-03,-6.505131605081260204e-04,-6.315430998802185059e-02,-6.247429251670837402e-01,-6.505131605081260204e-04,3.372641513124108315e-04,1.856053434312343597e-02,3.641557097434997559e-01,-6.315430998802185059e-02,1.856053434312343597e-02,2.706890869140625000e+03,-5.366595703125000000e+03,-6.247429251670837402e-01,3.641557097434997559e-01,-5.366595703125000000e+03,6.035903125000000000e+04
3.270541131496429443e-02,1.591564297676086426e+00,1.172153711318969727e+00,2.692300415039062500e+02,1.065850830078125000e+03,8.675663266330957413e-04,-6.024058675393462181e-04,6.225942075252532959e-02,1.317794322967529297e-01,-6.024058675393462181e-04,4.194760986138135195e-04,1.201072148978710175e-02,-1.253312230110168457e-01,6.225942075252532959e-02,1.201072148978710175e-02,1.700094140625000000e+04,-2.816483398437500000e+04,1.317794322967529297e-01,-1.253312230110168457e-01,-2.816483398437500000e+04,3.540537500000000000e+05
4.346909373998641968e-02,1.439868927001953125e+00,1.294201135635375977e+00,8.220401611328125000e+02,2.107740478515625000e+02,1.755016739480197430e-03,-1.537144649773836136e-03,-4.593792915344238281e+00,6.882034242153167725e-02,-1.537144649773836136e-03,1.360528520308434963e-03,3.748130559921264648e+00,-4.612930491566658020e-02,-4.593792915344238281e+00,3.748130559921264648e+00,1.700687343750000000e+05,1.833994873046875000e+03,6.882034242153167725e-02,-4.612930491566658020e-02,1.833994873046875000e+03,1.978693554687500000e+04
7.689928263425827026e-02,1.663763880729675293e+00,1.127310395240783691e+00,5.043403625488281250e+01,6.124381713867187500e+02,1.944199786521494389e-03,-1.212470931932330132e-03,-1.713874936103820801e-01,1.632028341293334961e+00,-1.212470931932330132e-03,7.630944601260125637e-04,1.112950965762138367e-01,-1.127679347991943359e+00,-1.713874936103820801e-01,1.112950965762138367e-01,1.003949829101562500e+03,-2.001296386718750000e+03,1.632028341293334961e+00,-1.127679347991943359e+00,-2.001296386718750000e+03,7.089789843750000000e+04
2.674886398017406464e-02,1.525612354278564453e+00,1.220336437225341797e+00,2.208746337890625000e+02,1.409650268554687500e+02,9.392226929776370525e-04,-7.217940874397754669e-04,-1.543181091547012329e-01,-2.916117571294307709e-02,-7.217940874397754669e-04,5.562856094911694527e-04,1.256186962127685547e-01,2.104647457599639893e-02,-1.543181091547012329e-01,1.256186962127685547e-01,9.048545898437500000e+03,-3.784870605468750000e+03,-2.916117571294307709e-02,2.104647457599639893e-02,-3.784870605468750000e+03,8.822512695312500000e+03
1.848928444087505341e-02,2.227850914001464844e+00,8.732361197471618652e-01,1.341787719726562500e+01,6.764403686523437500e+02,7.144556846469640732e-03,-2.334461314603686333e-03,1.179176047444343567e-01,-5.737610816955566406e+00,-2.334461314603686333e-03,7.664081640541553497e-04,-3.798527270555496216e-02,1.861706733703613281e+00,1.179176047444343567e-01,-3.798527270555496216e-02,9.768658447265625000e+01,-4.976091918945312500e+02,-5.737610816955566406e+00,1.861706733703613281e+00,-4.976091918945312500e+02,2.095853593750000000e+05
7.828798145055770874e-02,1.499425888061523438e+00,1.243059873580932617e+00,4.295164794921875000e+02,8.201264038085937500e+02,1.213732874020934105e-03,-9.505680063739418983e-04,4.874661862850189209e-01,4.585717618465423584e-01,-9.505680063739418983e-04,7.535508484579622746e-04,-3.846380710601806641e-01,-2.355391681194305420e-01,4.874661862850189209e-01,-3.846380710601806641e-01,4.585930859375000000e+04,-4.446117187500000000e+04,4.585717618465423584e-01,-2.355391681194305420e-01,-4.446117187500000000e+04,2.125773593750000000e+05
6.110777030698955059e-05,2.125516891479492188e+00,9.068919420242309570e-01,-5.881652832031250000e+00,3.445873291015625000e+03,2.957893768325448036e-03,-3.430846845731139183e-04,-6.055780649185180664e-01,-7.037346363067626953e-01,-3.430846845731139183e-04,3.352253697812557220e-04,1.887013465166091919e-01,3.308145403861999512e-01,-6.055780649185180664e-01,1.887013465166091919e-01,1.416955078125000000e+03,5.360091552734375000e+02,-7.037346363067626953e-01,3.308145403861999512e-01,5.360091552734375000e+02,5.188760546875000000e+04
2.484149858355522156e-02,2.128717422485351562e+00,9.062265157699584961e-01,3.670147705078125000e+01,3.273793640136718750e+02,5.307627376168966293e-03,-1.897976500913500786e-03,1.073247864842414856e-01,-4.598337173461914062e+00,-1.897976500913500786e-03,6.814902881160378456e-04,-4.560211300849914551e-02,1.686823368072509766e+00,1.073247864842414856e-01,-4.560211300849914551e-02,5.264113769531250000e+02,-6.528282470703125000e+02,-4.598337173461914062e+00,1.686823368072509766e+00,-6.528282470703125000e+02,4.868535156250000000e+04
3.686954826116561890e-02,1.595834732055664062e+00,1.171461462974548340e+00,5.689416503906250000e+02,2.159711303710937500e+02,1.964221708476543427e-03,-1.343188341706991196e-03,-2.751697778701782227e+00,-4.972453117370605469e-01,-1.343188341706991196e-03,9.242554078809916973e-04,1.814639329910278320e+00,3.303267359733581543e-01,-2.751697778701782227e+00,1.814639329910278320e+00,6.998053125000000000e+04,-7.947181396484375000e+02,-4.972453117370605469e-01,3.303267359733581543e-01,-7.947181396484375000e+02,1.933478515625000000e+04
1.154298055917024612e-02,2.249547004699707031e+00,8.664367198944091797e-01,7.545271301269531250e+01,1.926591552734375000e+03,8.719614706933498383e-03,-2.650322159752249718e-03,-1.316522359848022461e+00,-1.397959232330322266e+01,-2.650322159752249718e-03,8.155165123753249645e-04,3.800585865974426270e-01,4.134733676910400391e+00,-1.316522359848022461e+00,3.800585865974426270e-01,2.487453369140625000e+03,-1.778346484375000000e+04,-1.397959232330322266e+01,4.134733676910400391e+00,-1.778346484375000000e+04,1.311342250000000000e+06
4.408288747072219849e-02,1.601759076118469238e+00,1.168418765068054199e+00,1.345272521972656250e+02,1.342579101562500000e+03,2.148133004084229469e-03,-1.476115779951214790e-03,1.667991876602172852e-01,2.434298038482666016e+00,-1.476115779951214790e-03,1.019947696477174759e-03,-9.995625913143157959e-02,-1.462844371795654297e+00,1.667991876602172852e-01,-9.995625913143157959e-02,7.206328125000000000e+03,-1.846958007812500000e+04,2.434298038482666016e+00,-1.462844371795654297e+00,-1.846958007812500000e+04,3.176918437500000000e+05
3.399946168065071106e-02,1.417001128196716309e+00,1.311280131340026855e+00,2.702145690917968750e+02,1.619553833007812500e+02,8.826532866805791855e-04,-7.995349587872624397e-04,-1.981101334095001221e-01,1.370006352663040161e-01,-7.995349587872624397e-04,7.269560592249035835e-04,1.924954950809478760e-01,-1.422829777002334595e-01,-1.981101334095001221e-01,1.924954950809478760e-01,1.714079687500000000e+04,-5.990450195312500000e+03,1.370006352663040161e-01,-1.422829777002334595e-01,-5.990450195312500000e+03,9.973980468750000000e+03
4.153426736593246460e-02,1.833033919334411621e+00,1.031759738922119141e+00,2.104601593017578125e+02,1.274243286132812500e+03,2.069427398964762688e-03,-1.022294862195849419e-03,8.935002684593200684e-01,-4.542022347450256348e-01,-1.022294862195849419e-03,5.108164623379707336e-04,-4.326868355274200439e-01,1.027290523052215576e-01,8.935002684593200684e-01,-4.326868355274200439e-01,1.774058007812500000e+04,-5.335037500000000000e+04,-4.542022347450256348e-01,1.027290523052215576e-01,-5.335037500000000000e+04,6.675945625000000000e+05
4.212582483887672424e-02,1.663187980651855469e+00,1.130234122276306152e+00,3.582464599609375000e+02,7.578177490234375000e+02,2.894673962146043777e-03,-1.802004175260663033e-03,-3.875183343887329102e+00,3.948803618550300598e-02,-1.802004175260663033e-03,1.134020159952342510e-03,2.190380096435546875e+00,-5.699099302291870117e-01,-3.875183343887329102e+00,2.190380096435546875e+00,3.030769140625000000e+04,2.647966015625000000e+04,3.948803618550300598e-02,-5.699099302291870117e-01,2.647966015625000000e+04,1.571480156250000000e+05
1.867464161477982998e-03,1.533093452453613281e+00,1.221372365951538086e+00,1.205841796875000000e+03,1.282206298828125000e+03,6.644291803240776062e-03,-5.083411931991577148e-03,-3.629789650440216064e-01,-2.167442131042480469e+01,-5.083411931991577148e-03,3.918441478163003922e-03,6.520670056343078613e-01,1.525658035278320312e+01,-3.629789650440216064e-01,6.520670056343078613e-01,7.951935937500000000e+04,-3.426573242187500000e+03,-2.167442131042480469e+01,1.525658035278320312e+01,-3.426573242187500000e+03,1.483430625000000000e+05
9.580520540475845337e-02,1.667464017868041992e+00,1.124093770980834961e+00,1.497849426269531250e+02,2.397258605957031250e+02,1.660459674894809723e-03,-1.028247410431504250e-03,-8.143602609634399414e-01,-4.655445814132690430e-01,-1.028247410431504250e-03,6.412022048607468605e-04,5.259395241737365723e-01,2.859109044075012207e-01,-8.143602609634399414e-01,5.259395241737365723e-01,4.826165527343750000e+03,-3.648357421875000000e+03,-4.655445814132690430e-01,2.859109044075012207e-01,-3.648357421875000000e+03,2.457265234375000000e+04
2.153787389397621155e-02,1.983612298965454102e+00,9.634335637092590332e-01,1.036817321777343750e+02,1.371906494140625000e+03,4.032570868730545044e-03,-1.698977779597043991e-03,1.523071229457855225e-01,-1.645070648193359375e+01,-1.698977779597043991e-03,7.216645753942430019e-04,-7.802804559469223022e-02,6.258718490600585938e+00,1.523071229457855225e-01,-7.802804559469223022e-02,6.773381347656250000e+03,-1.838315039062500000e+04,-1.645070648193359375e+01,6.258718490600585938e+00,-1.838315039062500000e+04,1.143481375000000000e+06
6.029027327895164490e-02,1.401747226715087891e+00,1.326830387115478516e+00,5.206896972656250000e+02,7.007072143554687500e+02,5.846435087732970715e-04,-5.459343083202838898e-04,6.352271437644958496e-01,9.266681671142578125e-01,-5.459343083202838898e-04,5.199666484259068966e-04,-7.539496421813964844e-01,-7.710884213447570801e-01,6.352271437644958496e-01,-7.539496421813964844e-01,8.649972656250000000e+04,-4.383669531250000000e+04,9.266681671142578125e-01,-7.710884213447570801e-01,-4.383669531250000000e+04,1.358182187500000000e+05
2.536195330321788788e-02,1.401569724082946777e+00,1.327756404876708984e+00,1.423304138183593750e+02,3.497667846679687500e+02,4.932986921630799770e-04,-4.456528113223612309e-04,-1.365531384944915771e-01,8.191595673561096191e-01,-4.456528113223612309e-04,4.143419791944324970e-04,1.944554746150970459e-01,-9.591259956359863281e-01,-1.365531384944915771e-01,1.944554746150970459e-01,7.548435058593750000e+03,-6.736043945312500000e+03,8.191595673561096191e-01,-9.591259956359863281e-01,-6.736043945312500000e+03,2.241394531250000000e+04
5.180563405156135559e-02,1.695064663887023926e+00,1.107602357864379883e+00,1.725037841796875000e+02,1.632502685546875000e+03,1.293901703320443630e-03,-7.712485385127365589e-04,-7.078962326049804688e-01,2.573693752288818359e+00,-7.712485385127365589e-04,4.663376603275537491e-04,4.008672237396240234e-01,-1.438714981079101562e+00,-7.078962326049804688e-01,4.008672237396240234e-01,1.364560742187500000e+04,-2.786202734375000000e+04,2.573693752288818359e+00,-1.438714981079101562e+00,-2.786202734375000000e+04,5.195347500000000000e+05
1.999899279326200485e-03,1.614740729331970215e+00,1.165266513824462891e+00,8.564794921875000000e+02,2.038949951171875000e+03,1.005083601921796799e-02,-6.606347858905792236e-03,8.666657447814941406e+00,-2.837445068359375000e+01,-6.606347858905792236e-03,4.369420465081930161e-03,-6.007336139678955078e+00,1.782320594787597656e+01,8.666657447814941406e+00,-6.007336139678955078e+00,2.204732421875000000e+04,-4.401985546875000000e+04,-2.837445068359375000e+01,1.782320594787597656e+01,-4.401985546875000000e+04,2.440049843750000000e+05
2.444341778755187988e-02,1.516768097877502441e+00,1.230008482933044434e+00,3.147711181640625000e+01,5.688227539062500000e+02,2.092647831887006760e-03,-1.619030954316258430e-03,-2.046162635087966919e-02,9.155283570289611816e-01,-1.619030954316258430e-03,1.261075143702328205e-03,1.491606608033180237e-02,-7.342289686203002930e-01,-2.046162635087966919e-02,1.491606608033180237e-02,4.186344909667968750e+02,-6.856501464843750000e+02,9.155283570289611816e-01,-7.342289686203002930e-01,-6.856501464843750000e+02,5.171796875000000000e+04
3.501380607485771179e-02,1.905247211456298828e+00,9.961214065551757812e-01,5.090455627441406250e+01,4.924281616210937500e+02,2.444404643028974533e-03,-1.108879456296563148e-03,-1.578411087393760681e-02,-3.512037038803100586e+00,-1.108879456296563148e-03,5.054839421063661575e-04,2.889819908887147903e-03,1.586026787757873535e+00,-1.578411087393760681e-02,2.889819908887147903e-03,1.118136840820312500e+03,-4.743833984375000000e+03,-3.512037038803100586e+00,1.586026787757873535e+00,-4.743833984375000000e+03,1.236641953125000000e+05
3.248340683057904243e-03,1.627444267272949219e+00,1.156826853752136230e+00,7.082850341796875000e+02,4.147828979492187500e+02,6.157728843390941620e-03,-3.897035028785467148e-03,-8.407375335693359375e+00,-1.507936286926269531e+01,-3.897035028785467148e-03,2.480906900018453598e-03,5.157172679901123047e+00,9.263216018676757812e+00,-8.407375335693359375e+00,5.157172679901123047e+00,1.648375000000000000e+04,2.589652343750000000e+04,-1.507936286926269531e+01,9.263216018676757812e+00,2.589652343750000000e+04,5.842668750000000000e+04
2.748925052583217621e-02,1.444744586944580078e+00,1.288953065872192383e+00,1.067536926269531250e+02,1.246730468750000000e+03,1.764248241670429707e-03,-1.521161757409572601e-03,8.564162999391555786e-03,1.403853058815002441e+00,-1.521161757409572601e-03,1.321018207818269730e-03,-1.861733756959438324e-02,-1.101355075836181641e+00,8.564162999391555786e-03,-1.861733756959438324e-02,4.808242187500000000e+03,-9.868510131835937500e+02,1.403853058815002441e+00,-1.101355075836181641e+00,-9.868510131835937500e+02,3.270329375000000000e+05
